fuente,indicador,anio,departamento,casos,poblacion_0a17_ech,n_muestral_poblacion,tasa_por_10mil,pobreza_2019_pct,n_muestral_pobreza_2019_pct,hacinamiento_2019_pct,n_muestral_hacinamiento_2019_pct
conapees,situaciones ESNNA atendidas,2018,Artigas,15,20406.0,735,7.35,18.1,735,2.12,442
conapees,situaciones ESNNA atendidas,2018,Canelones,32,151348.0,3834,2.11,9.99,3834,5.68,2303
conapees,situaciones ESNNA atendidas,2018,Cerro Largo,27,24499.0,780,11.02,15.66,780,5.6,472
conapees,situaciones ESNNA atendidas,2018,Colonia,30,32797.0,985,9.15,7.63,985,2.29,605
conapees,situaciones ESNNA atendidas,2018,Durazno,16,15734.0,549,10.17,16.87,549,3.51,310
conapees,situaciones ESNNA atendidas,2018,Flores,12,6830.0,257,17.57,7.63,257,1.36,159
conapees,situaciones ESNNA atendidas,2018,Florida,15,18313.0,534,8.19,8.81,534,1.62,321
conapees,situaciones ESNNA atendidas,2018,Lavalleja,9,14963.0,445,6.01,13.33,445,4.16,256
conapees,situaciones ESNNA atendidas,2018,Maldonado,33,47049.0,1159,7.01,4.82,1159,2.77,709
conapees,situaciones ESNNA atendidas,2018,Montevideo,53,309135.0,7744,1.71,24.07,7744,4.6,4693
conapees,situaciones ESNNA atendidas,2018,Paysandú,20,35921.0,1064,5.57,15.74,1064,7.59,588
conapees,situaciones ESNNA atendidas,2018,Rivera,20,30123.0,998,6.64,18.97,998,3.31,593
conapees,situaciones ESNNA atendidas,2018,Rocha,17,18819.0,743,9.03,13.14,743,1.92,463
conapees,situaciones ESNNA atendidas,2018,Río Negro,8,17069.0,483,4.69,11.9,483,3.05,283
conapees,situaciones ESNNA atendidas,2018,Salto,6,37383.0,1238,1.61,13.71,1238,4.81,691
conapees,situaciones ESNNA atendidas,2018,San José,15,30305.0,966,4.95,4.77,966,3.66,572
conapees,situaciones ESNNA atendidas,2018,Soriano,24,23326.0,663,10.29,11.74,663,3.52,363
conapees,situaciones ESNNA atendidas,2018,Tacuarembó,30,25595.0,807,11.72,14.04,807,2.61,480
conapees,situaciones ESNNA atendidas,2018,Treinta y Tres,4,13531.0,405,2.96,26.86,405,8.02,247
conapees,situaciones ESNNA atendidas,2019,Artigas,8,20406.0,735,3.92,18.1,735,2.12,442
conapees,situaciones ESNNA atendidas,2019,Canelones,22,151348.0,3834,1.45,9.99,3834,5.68,2303
conapees,situaciones ESNNA atendidas,2019,Cerro Largo,2,24499.0,780,0.82,15.66,780,5.6,472
conapees,situaciones ESNNA atendidas,2019,Colonia,11,32797.0,985,3.35,7.63,985,2.29,605
conapees,situaciones ESNNA atendidas,2019,Durazno,3,15734.0,549,1.91,16.87,549,3.51,310
conapees,situaciones ESNNA atendidas,2019,Flores,5,6830.0,257,7.32,7.63,257,1.36,159
conapees,situaciones ESNNA atendidas,2019,Florida,16,18313.0,534,8.74,8.81,534,1.62,321
conapees,situaciones ESNNA atendidas,2019,Lavalleja,0,14963.0,445,0.0,13.33,445,4.16,256
conapees,situaciones ESNNA atendidas,2019,Maldonado,7,47049.0,1159,1.49,4.82,1159,2.77,709
conapees,situaciones ESNNA atendidas,2019,Montevideo,28,309135.0,7744,0.91,24.07,7744,4.6,4693
conapees,situaciones ESNNA atendidas,2019,Paysandú,22,35921.0,1064,6.12,15.74,1064,7.59,588
conapees,situaciones ESNNA atendidas,2019,Rivera,16,30123.0,998,5.31,18.97,998,3.31,593
conapees,situaciones ESNNA atendidas,2019,Rocha,11,18819.0,743,5.85,13.14,743,1.92,463
conapees,situaciones ESNNA atendidas,2019,Río Negro,14,17069.0,483,8.2,11.9,483,3.05,283
conapees,situaciones ESNNA atendidas,2019,Salto,13,37383.0,1238,3.48,13.71,1238,4.81,691
conapees,situaciones ESNNA atendidas,2019,San José,12,30305.0,966,3.96,4.77,966,3.66,572
conapees,situaciones ESNNA atendidas,2019,Soriano,22,23326.0,663,9.43,11.74,663,3.52,363
conapees,situaciones ESNNA atendidas,2019,Tacuarembó,20,25595.0,807,7.81,14.04,807,2.61,480
conapees,situaciones ESNNA atendidas,2019,Treinta y Tres,8,13531.0,405,5.91,26.86,405,8.02,247
conapees,situaciones ESNNA atendidas,2020,Artigas,29,20406.0,735,14.21,18.1,735,2.12,442
conapees,situaciones ESNNA atendidas,2020,Canelones,35,151348.0,3834,2.31,9.99,3834,5.68,2303
conapees,situaciones ESNNA atendidas,2020,Cerro Largo,24,24499.0,780,9.8,15.66,780,5.6,472
conapees,situaciones ESNNA atendidas,2020,Colonia,25,32797.0,985,7.62,7.63,985,2.29,605
conapees,situaciones ESNNA atendidas,2020,Durazno,13,15734.0,549,8.26,16.87,549,3.51,310
conapees,situaciones ESNNA atendidas,2020,Flores,8,6830.0,257,11.71,7.63,257,1.36,159
conapees,situaciones ESNNA atendidas,2020,Florida,22,18313.0,534,12.01,8.81,534,1.62,321
conapees,situaciones ESNNA atendidas,2020,Lavalleja,3,14963.0,445,2.0,13.33,445,4.16,256
conapees,situaciones ESNNA atendidas,2020,Maldonado,29,47049.0,1159,6.16,4.82,1159,2.77,709
conapees,situaciones ESNNA atendidas,2020,Montevideo,59,309135.0,7744,1.91,24.07,7744,4.6,4693
conapees,situaciones ESNNA atendidas,2020,Paysandú,20,35921.0,1064,5.57,15.74,1064,7.59,588
conapees,situaciones ESNNA atendidas,2020,Rivera,18,30123.0,998,5.98,18.97,998,3.31,593
conapees,situaciones ESNNA atendidas,2020,Rocha,14,18819.0,743,7.44,13.14,743,1.92,463
conapees,situaciones ESNNA atendidas,2020,Río Negro,12,17069.0,483,7.03,11.9,483,3.05,283
conapees,situaciones ESNNA atendidas,2020,Salto,24,37383.0,1238,6.42,13.71,1238,4.81,691
conapees,situaciones ESNNA atendidas,2020,San José,18,30305.0,966,5.94,4.77,966,3.66,572
conapees,situaciones ESNNA atendidas,2020,Soriano,16,23326.0,663,6.86,11.74,663,3.52,363
conapees,situaciones ESNNA atendidas,2020,Tacuarembó,23,25595.0,807,8.99,14.04,807,2.61,480
conapees,situaciones ESNNA atendidas,2020,Treinta y Tres,18,13531.0,405,13.3,26.86,405,8.02,247
conapees,situaciones ESNNA atendidas,2021,Artigas,46,20406.0,735,22.54,18.1,735,2.12,442
conapees,situaciones ESNNA atendidas,2021,Canelones,28,151348.0,3834,1.85,9.99,3834,5.68,2303
conapees,situaciones ESNNA atendidas,2021,Cerro Largo,35,24499.0,780,14.29,15.66,780,5.6,472
conapees,situaciones ESNNA atendidas,2021,Colonia,44,32797.0,985,13.42,7.63,985,2.29,605
conapees,situaciones ESNNA atendidas,2021,Durazno,21,15734.0,549,13.35,16.87,549,3.51,310
conapees,situaciones ESNNA atendidas,2021,Flores,5,6830.0,257,7.32,7.63,257,1.36,159
conapees,situaciones ESNNA atendidas,2021,Florida,28,18313.0,534,15.29,8.81,534,1.62,321
conapees,situaciones ESNNA atendidas,2021,Lavalleja,6,14963.0,445,4.01,13.33,445,4.16,256
conapees,situaciones ESNNA atendidas,2021,Maldonado,42,47049.0,1159,8.93,4.82,1159,2.77,709
conapees,situaciones ESNNA atendidas,2021,Montevideo,58,309135.0,7744,1.88,24.07,7744,4.6,4693
conapees,situaciones ESNNA atendidas,2021,Paysandú,27,35921.0,1064,7.52,15.74,1064,7.59,588
conapees,situaciones ESNNA atendidas,2021,Rivera,15,30123.0,998,4.98,18.97,998,3.31,593
conapees,situaciones ESNNA atendidas,2021,Rocha,9,18819.0,743,4.78,13.14,743,1.92,463
conapees,situaciones ESNNA atendidas,2021,Río Negro,19,17069.0,483,11.13,11.9,483,3.05,283
conapees,situaciones ESNNA atendidas,2021,Salto,29,37383.0,1238,7.76,13.71,1238,4.81,691
conapees,situaciones ESNNA atendidas,2021,San José,20,30305.0,966,6.6,4.77,966,3.66,572
conapees,situaciones ESNNA atendidas,2021,Soriano,22,23326.0,663,9.43,11.74,663,3.52,363
conapees,situaciones ESNNA atendidas,2021,Tacuarembó,24,25595.0,807,9.38,14.04,807,2.61,480
conapees,situaciones ESNNA atendidas,2021,Treinta y Tres,16,13531.0,405,11.82,26.86,405,8.02,247
fiscalia,actuaciones FGN delitos sexuales NNA,2018,Artigas,34,20406.0,735,16.66,18.1,735,2.12,442
fiscalia,actuaciones FGN delitos sexuales NNA,2018,Canelones,265,151348.0,3834,17.51,9.99,3834,5.68,2303
fiscalia,actuaciones FGN delitos sexuales NNA,2018,Cerro Largo,50,24499.0,780,20.41,15.66,780,5.6,472
fiscalia,actuaciones FGN delitos sexuales NNA,2018,Colonia,54,32797.0,985,16.46,7.63,985,2.29,605
fiscalia,actuaciones FGN delitos sexuales NNA,2018,Durazno,38,15734.0,549,24.15,16.87,549,3.51,310
fiscalia,actuaciones FGN delitos sexuales NNA,2018,Flores,18,6830.0,257,26.35,7.63,257,1.36,159
fiscalia,actuaciones FGN delitos sexuales NNA,2018,Florida,44,18313.0,534,24.03,8.81,534,1.62,321
fiscalia,actuaciones FGN delitos sexuales NNA,2018,Lavalleja,37,14963.0,445,24.73,13.33,445,4.16,256
fiscalia,actuaciones FGN delitos sexuales NNA,2018,Maldonado,110,47049.0,1159,23.38,4.82,1159,2.77,709
fiscalia,actuaciones FGN delitos sexuales NNA,2018,Montevideo,514,309135.0,7744,16.63,24.07,7744,4.6,4693
fiscalia,actuaciones FGN delitos sexuales NNA,2018,Paysandú,74,35921.0,1064,20.6,15.74,1064,7.59,588
fiscalia,actuaciones FGN delitos sexuales NNA,2018,Rivera,92,30123.0,998,30.54,18.97,998,3.31,593
fiscalia,actuaciones FGN delitos sexuales NNA,2018,Rocha,33,18819.0,743,17.54,13.14,743,1.92,463
fiscalia,actuaciones FGN delitos sexuales NNA,2018,Río Negro,35,17069.0,483,20.51,11.9,483,3.05,283
fiscalia,actuaciones FGN delitos sexuales NNA,2018,Salto,66,37383.0,1238,17.66,13.71,1238,4.81,691
fiscalia,actuaciones FGN delitos sexuales NNA,2018,San José,69,30305.0,966,22.77,4.77,966,3.66,572
fiscalia,actuaciones FGN delitos sexuales NNA,2018,Soriano,73,23326.0,663,31.3,11.74,663,3.52,363
fiscalia,actuaciones FGN delitos sexuales NNA,2018,Tacuarembó,46,25595.0,807,17.97,14.04,807,2.61,480
fiscalia,actuaciones FGN delitos sexuales NNA,2018,Treinta y Tres,21,13531.0,405,15.52,26.86,405,8.02,247
fiscalia,actuaciones FGN delitos sexuales NNA,2019,Artigas,51,20406.0,735,24.99,18.1,735,2.12,442
fiscalia,actuaciones FGN delitos sexuales NNA,2019,Canelones,376,151348.0,3834,24.84,9.99,3834,5.68,2303
fiscalia,actuaciones FGN delitos sexuales NNA,2019,Cerro Largo,39,24499.0,780,15.92,15.66,780,5.6,472
fiscalia,actuaciones FGN delitos sexuales NNA,2019,Colonia,95,32797.0,985,28.97,7.63,985,2.29,605
fiscalia,actuaciones FGN delitos sexuales NNA,2019,Durazno,45,15734.0,549,28.6,16.87,549,3.51,310
fiscalia,actuaciones FGN delitos sexuales NNA,2019,Flores,20,6830.0,257,29.28,7.63,257,1.36,159
fiscalia,actuaciones FGN delitos sexuales NNA,2019,Florida,49,18313.0,534,26.76,8.81,534,1.62,321
fiscalia,actuaciones FGN delitos sexuales NNA,2019,Lavalleja,52,14963.0,445,34.75,13.33,445,4.16,256
fiscalia,actuaciones FGN delitos sexuales NNA,2019,Maldonado,119,47049.0,1159,25.29,4.82,1159,2.77,709
fiscalia,actuaciones FGN delitos sexuales NNA,2019,Montevideo,674,309135.0,7744,21.8,24.07,7744,4.6,4693
fiscalia,actuaciones FGN delitos sexuales NNA,2019,Paysandú,74,35921.0,1064,20.6,15.74,1064,7.59,588
fiscalia,actuaciones FGN delitos sexuales NNA,2019,Rivera,111,30123.0,998,36.85,18.97,998,3.31,593
fiscalia,actuaciones FGN delitos sexuales NNA,2019,Rocha,77,18819.0,743,40.92,13.14,743,1.92,463
fiscalia,actuaciones FGN delitos sexuales NNA,2019,Río Negro,57,17069.0,483,33.39,11.9,483,3.05,283
fiscalia,actuaciones FGN delitos sexuales NNA,2019,Salto,91,37383.0,1238,24.34,13.71,1238,4.81,691
fiscalia,actuaciones FGN delitos sexuales NNA,2019,San José,84,30305.0,966,27.72,4.77,966,3.66,572
fiscalia,actuaciones FGN delitos sexuales NNA,2019,Soriano,69,23326.0,663,29.58,11.74,663,3.52,363
fiscalia,actuaciones FGN delitos sexuales NNA,2019,Tacuarembó,77,25595.0,807,30.08,14.04,807,2.61,480
fiscalia,actuaciones FGN delitos sexuales NNA,2019,Treinta y Tres,41,13531.0,405,30.3,26.86,405,8.02,247
fiscalia,actuaciones FGN delitos sexuales NNA,2020,Artigas,87,20406.0,735,42.63,18.1,735,2.12,442
fiscalia,actuaciones FGN delitos sexuales NNA,2020,Canelones,362,151348.0,3834,23.92,9.99,3834,5.68,2303
fiscalia,actuaciones FGN delitos sexuales NNA,2020,Cerro Largo,58,24499.0,780,23.67,15.66,780,5.6,472
fiscalia,actuaciones FGN delitos sexuales NNA,2020,Colonia,66,32797.0,985,20.12,7.63,985,2.29,605
fiscalia,actuaciones FGN delitos sexuales NNA,2020,Durazno,57,15734.0,549,36.23,16.87,549,3.51,310
fiscalia,actuaciones FGN delitos sexuales NNA,2020,Flores,26,6830.0,257,38.07,7.63,257,1.36,159
fiscalia,actuaciones FGN delitos sexuales NNA,2020,Florida,51,18313.0,534,27.85,8.81,534,1.62,321
fiscalia,actuaciones FGN delitos sexuales NNA,2020,Lavalleja,42,14963.0,445,28.07,13.33,445,4.16,256
fiscalia,actuaciones FGN delitos sexuales NNA,2020,Maldonado,143,47049.0,1159,30.39,4.82,1159,2.77,709
fiscalia,actuaciones FGN delitos sexuales NNA,2020,Montevideo,626,309135.0,7744,20.25,24.07,7744,4.6,4693
fiscalia,actuaciones FGN delitos sexuales NNA,2020,Paysandú,1,35921.0,1064,0.28,15.74,1064,7.59,588
fiscalia,actuaciones FGN delitos sexuales NNA,2020,Rivera,87,30123.0,998,28.88,18.97,998,3.31,593
fiscalia,actuaciones FGN delitos sexuales NNA,2020,Rocha,60,18819.0,743,31.88,13.14,743,1.92,463
fiscalia,actuaciones FGN delitos sexuales NNA,2020,Río Negro,49,17069.0,483,28.71,11.9,483,3.05,283
fiscalia,actuaciones FGN delitos sexuales NNA,2020,Salto,104,37383.0,1238,27.82,13.71,1238,4.81,691
fiscalia,actuaciones FGN delitos sexuales NNA,2020,San José,73,30305.0,966,24.09,4.77,966,3.66,572
fiscalia,actuaciones FGN delitos sexuales NNA,2020,Soriano,62,23326.0,663,26.58,11.74,663,3.52,363
fiscalia,actuaciones FGN delitos sexuales NNA,2020,Tacuarembó,84,25595.0,807,32.82,14.04,807,2.61,480
fiscalia,actuaciones FGN delitos sexuales NNA,2020,Treinta y Tres,27,13531.0,405,19.95,26.86,405,8.02,247
fiscalia,actuaciones FGN delitos sexuales NNA,2021,Artigas,80,20406.0,735,39.2,18.1,735,2.12,442
fiscalia,actuaciones FGN delitos sexuales NNA,2021,Canelones,394,151348.0,3834,26.03,9.99,3834,5.68,2303
fiscalia,actuaciones FGN delitos sexuales NNA,2021,Cerro Largo,64,24499.0,780,26.12,15.66,780,5.6,472
fiscalia,actuaciones FGN delitos sexuales NNA,2021,Colonia,69,32797.0,985,21.04,7.63,985,2.29,605
fiscalia,actuaciones FGN delitos sexuales NNA,2021,Durazno,49,15734.0,549,31.14,16.87,549,3.51,310
fiscalia,actuaciones FGN delitos sexuales NNA,2021,Flores,22,6830.0,257,32.21,7.63,257,1.36,159
fiscalia,actuaciones FGN delitos sexuales NNA,2021,Florida,45,18313.0,534,24.57,8.81,534,1.62,321
fiscalia,actuaciones FGN delitos sexuales NNA,2021,Lavalleja,33,14963.0,445,22.05,13.33,445,4.16,256
fiscalia,actuaciones FGN delitos sexuales NNA,2021,Maldonado,164,47049.0,1159,34.86,4.82,1159,2.77,709
fiscalia,actuaciones FGN delitos sexuales NNA,2021,Montevideo,718,309135.0,7744,23.23,24.07,7744,4.6,4693
fiscalia,actuaciones FGN delitos sexuales NNA,2021,Paysandú,86,35921.0,1064,23.94,15.74,1064,7.59,588
fiscalia,actuaciones FGN delitos sexuales NNA,2021,Rivera,80,30123.0,998,26.56,18.97,998,3.31,593
fiscalia,actuaciones FGN delitos sexuales NNA,2021,Rocha,64,18819.0,743,34.01,13.14,743,1.92,463
fiscalia,actuaciones FGN delitos sexuales NNA,2021,Río Negro,54,17069.0,483,31.64,11.9,483,3.05,283
fiscalia,actuaciones FGN delitos sexuales NNA,2021,Salto,125,37383.0,1238,33.44,13.71,1238,4.81,691
fiscalia,actuaciones FGN delitos sexuales NNA,2021,San José,92,30305.0,966,30.36,4.77,966,3.66,572
fiscalia,actuaciones FGN delitos sexuales NNA,2021,Soriano,81,23326.0,663,34.73,11.74,663,3.52,363
fiscalia,actuaciones FGN delitos sexuales NNA,2021,Tacuarembó,77,25595.0,807,30.08,14.04,807,2.61,480
fiscalia,actuaciones FGN delitos sexuales NNA,2021,Treinta y Tres,27,13531.0,405,19.95,26.86,405,8.02,247
